steps,catch_pct,catch_ci95_low_pct,catch_ci95_high_pct,hard_catch_pct,hard_episodes,perfect_pct,mean_catch_seconds,gain_from_start_pp,gain_ci95_low_pp,gain_ci95_high_pp
2002944,84.95,83.31598700909112,86.45000647063304,21.686746987951807,249,39.95,9.023337257210123,0.0,0.0,0.0
3002944,81.75,79.9968181254557,83.38144490691174,17.670682730923694,249,43.2,8.382242609582057,-3.2,-4.25,-2.15
4002944,85.95,84.35797212767918,87.40418711684396,25.301204819277107,249,45.9,9.217277486910994,1.0,0.25,1.7999999999999998
5002944,85.1,83.47212786970121,86.59329047474277,24.096385542168676,249,48.699999999999996,8.16159420289855,0.15,-0.6,0.8999999999999999
6002944,85.0,83.36802797156251,86.49777379640157,23.293172690763054,249,46.400000000000006,8.660019607843138,0.05,-0.8,0.8999999999999999
7002944,85.35000000000001,83.73248362327892,86.83197616236482,22.08835341365462,249,40.2,9.123999218902558,0.4,-0.35000000000000003,1.15
8002944,86.9,85.35026144208544,88.30825527899671,26.506024096385545,249,47.4,8.47916187188339,1.95,1.2,2.75
9002944,85.55,83.94087895221818,87.02281398638534,27.309236947791167,249,44.6,9.210773426845899,0.6,-0.35000000000000003,1.55
10001216,87.1,85.55948290650491,88.49826696753703,28.915662650602407,249,48.9,8.466121316494451,2.15,1.35,2.9499999999999997
